name,r,g,b
Acid green,176,191,26
Aero,124,185,232
Aero blue,201,255,229
African violet,178,132,190
Air Force blue (RAF),93,138,168
Air Force blue (USAF),0,48,143
Air superiority blue,114,160,193
Alabama crimson,175,0,42
Alabaster[citation needed],242,240,230
Alice blue,240,248,255
Alizarin crimson,227,38,54
Alloy orange,196,98,16
Almond,239,222,205
Amaranth,229,43,80
Amaranth deep purple,159,43,104
Amaranth pink,241,156,187
Amaranth purple,171,39,79
Amaranth red,211,33,45
Amazon,59,122,87
Amber,255,191,0
Amber (SAE/ECE),255,126,0
American blue,59,59,109
American bronze,57,24,2
American brown,128,64,64
American gold,211,175,55
American green,52,179,52
American orange,255,139,0
American pink,255,152,153
American purple,67,28,83
American red,179,33,52
American rose,255,3,62
American silver,207,207,207
American violet,85,27,140
American yellow,242,180,0
Amethyst,153,102,204
Android green (2008-2014),164,198,57
Android green,121,194,87
Anti-flash white,242,243,244
Antique brass,205,149,117
Antique bronze,102,93,30
Antique fuchsia,145,92,131
Antique ruby,132,27,45
Antique white,250,235,215
Ao (English),0,128,0
Apple,102,180,71
Apple green,141,182,0
Apricot,251,206,177
Aqua,0,255,255
Aquamarine,127,255,212
Arctic lime,208,255,20
Argent,192,192,192
Army green,75,83,32
Arsenic,59,68,75
Artichoke,143,151,121
Arylide yellow,233,214,107
Asda Green,125,194,66
Asda Green (2002),50,173,97
Asda Green (1999),102,201,146
Asda Green (1994),128,193,151
Asda Green (1985),0,222,164
Asda Orange,200,101,0
Asda Orange (1968),202,115,9
Ash gray,178,190,181
Asparagus,135,169,107
Ateneo blue,0,58,108
Atomic tangerine,255,153,102
Auburn,165,42,42
Aureolin,253,238,0
AuroMetalSaurus,110,127,128
Avocado,86,130,3
Awesome,255,32,82
Axolotl,99,119,91
Azure,0,127,255
Azure (web color),240,255,255
Azureish white,219,233,244
Baby blue,137,207,240
Baby blue eyes,161,202,241
Baby pink,244,194,194
Baby powder,254,254,250
Baker-Miller pink,255,145,175
Ball blue,33,171,205
Banana Mania,250,231,181
Banana yellow,255,225,53
Bangladesh green,0,106,78
Barbie Pink (1959-1975),232,83,149
Barbie Pink (1975-1990),211,65,157
Barbie Pink (1990-1999),243,100,162
Barbie Pink (1999-2004),247,35,138
Barbie Pink (2004-2005),255,57,136
Barbie Pink (2005-2009),252,65,154
Barbie Pink,233,65,150
Barbie Pink (Pantone),224,33,138
Barn red,124,10,2
Battery charged blue,29,172,214
Battleship grey,132,132,130
Batorange,195,84,10
Bayside,95,201,191
Bazaar,152,119,123
Beau blue,188,212,230
Beaver,159,129,112
Beer,242,142,28
Begonia,250,110,121
Beige,245,245,220
B'dazzled blue,46,88,148
Big dip o’ruby,156,37,66
Big Foot Feet,232,142,90
Bisque,255,228,196
Bistre,61,43,31
Bistre brown,150,113,23
Bitter lemon,202,224,13
Bitter lime,191,255,0
Bittersweet,254,111,94
Bittersweet shimmer,191,79,81
Black,0,0,0
Black bean,61,12,2
Black chocolate,27,24,17
Black coffee,59,47,47
Black coral,84,98,111
Black leather jacket,37,53,41
Black olive,59,60,54
Blackberry,143,89,115
Black raspberry,22,17,13
Black Shadows,191,175,178
Blanched almond,255,235,205
Blast-off bronze,165,113,100
Bleu de France,49,140,231
Blizzard blue,172,229,238
Blond,250,240,190
Blood,138,3,3
Blood orange,209,0,28
Blood red,102,0,0
Blood (Animal),164,19,19
Blood (organ),99,15,15
Blue,0,0,255
Blue (Crayola),31,117,254
Blue (Munsell),0,147,175
Blue (NCS),0,135,189
Blue (Pantone),0,24,168
Blue (pigment),51,51,153
Blue (RYB),2,71,254
Blue bell,162,162,208
Blue bolt,0,185,251
Blue cola,0,136,220
Blue-gray,102,153,204
Blue-green,13,152,186
Blue-green (color wheel),6,78,64
Blue jeans,93,173,236
Blue-magenta violet,85,53,146
Blue raspberry,12,191,233
Blue sapphire,18,97,128
Blue-violet,138,43,226
Blue-violet (Crayola),115,102,189
Blue-violet (color wheel),77,26,127
Blue yonder,80,114,167
Blueberry,79,134,247
Bluebonnet,28,28,240
Blush,222,93,131
Bole,121,68,59
Nicole and Bri Blue,0,149,182
Bone,227,218,201
Bored accent green,221,226,106
Boston University red,204,0,0
Boysenberry,135,50,96
Boy red,14,156,165
Brandeis blue,0,112,255
Brandy,135,65,63
Brass,181,166,66
Brave orange,255,99,28
Brick red,203,65,84
Bright gray,235,236,240
Bright green,102,255,0
Bright lavender,191,148,228
Bright lilac,216,145,239
Bright maroon,195,33,72
Bright navy blue,25,116,210
Bright pink,255,0,127
Bright turquoise,8,232,222
Bright ube,209,159,232
Bright yellow (Crayola),255,170,29
Brilliant azure,51,153,255
Brilliant lavender,244,187,255
Brilliant rose,255,85,163
Brink pink,251,96,127
British racing green,0,66,37
Bronze,136,84,11
Bronze,205,127,50
Bronze (metallic),176,141,87
Bronze yellow,115,112,0
Brown,153,51,0
Brown (Crayola),175,89,62
Brown (traditional),150,75,0
Brown-nose,107,68,35
Brown sugar,175,110,77
Brown Chocolate,95,25,51
Brown Coffee,74,44,42
Brown Yellow,204,153,102
Brunswick green,27,77,62
Bubble gum,255,193,204
Bubbles,231,254,255
Bud green,123,182,97
Buff,240,220,130
Bulgarian rose,72,6,7
Burgundy,128,0,32
Burlywood,222,184,135
Burnished brown,161,122,116
Burnt orange,204,85,0
Burnt sienna,233,116,81
Burnt umber,138,51,36
Button blue,36,160,237
Byzantine,189,51,164
Byzantium,112,41,99
Cadet,83,104,114
Cadet blue,95,158,160
Cadet blue (Crayola),169,178,195
Cadet grey,145,163,176
Cadmium blue,10,17,149
Cadmium green,0,107,60
Cadmium orange,237,135,45
Cadmium purple,182,12,38
Cadmium red,227,0,34
Cadmium yellow,255,246,0
Cadmium violet,127,62,152
Café au lait,166,123,91
Café noir,75,54,33
Cal Poly Pomona green,30,77,43
Calamansi,252,255,164
Cambridge blue,163,193,173
Camel,193,154,107
Cameo pink,239,187,204
Camouflage green,120,134,107
Canary,255,255,153
Canary yellow,255,239,0
Candy apple red,255,8,0
Candy pink,228,113,122
Capri,0,191,255
Caput mortuum,89,39,32
Caramel,255,213,154
Cardinal,196,30,58
Caribbean green,0,204,153
Caribbean blue,26,193,221
Carmine,150,0,24
Carmine (M&P),215,0,64
Carmine pink,235,76,66
Carmine red,255,0,56
Carnation pink,255,166,201
Carnelian,179,27,27
Carolina blue,86,160,211
Carrot orange,237,145,33
Castleton green,0,86,63
Catalina blue,6,42,120
Catawba,112,54,66
Cedar Chest,201,90,73
Ceil,146,161,207
Celadon,172,225,175
Celadon blue,0,123,167
Celadon green,47,132,124
Celeste,178,255,255
Celestial blue,73,151,208
Celtic blue,36,107,206
Cerise,222,49,99
Cerise pink,236,59,131
Cerulean blue,42,82,190
Cetacean blue,0,20,64
Cerulean frost,109,155,195
CG blue,0,122,165
CG red,224,60,49
Chamoisee,160,120,90
Champagne,247,231,206
Champagne pink,241,221,207
Charcoal,54,69,79
Charleston green,35,43,43
Charm,208,116,139
Charm pink,230,143,172
Chartreuse (traditional),223,255,0
Chartreuse (web),127,255,0
Cheese,255,166,0
Cherry blossom pink,255,183,197
Chestnut,149,69,53
Chickadee,255,195,77
China pink,222,111,161
China rose,168,81,110
Chinese black,20,20,20
Chinese blue,54,81,148
Chinese bronze,205,128,50
Chinese brown,171,56,31
Chinese green,208,219,97
Chinese gold,204,153,0
Chinese orange,243,112,66
Chinese pink,222,112,161
Chinese purple,114,11,152
Chinese red,205,7,30
Chinese red,170,56,30
Chinese silver,204,204,204
Chinese violet,133,96,136
Chinese white,226,229,222
Chinese yellow,255,178,0
Chlorophyll green,74,255,0
Chocolate brown,63,0,15
Chocolate cosmos,88,17,26
Chocolate Kisses,60,20,33
Chocolate (traditional),123,63,0
Chocolate (web),210,105,30
Chrome yellow,255,167,0
Christmas blue,42,143,189
Christmas brown,93,43,44
Christmas brown,76,31,2
Christmas green,60,141,13
Christmas green,0,117,2
Christmas gold,202,169,6
Christmas orange,255,102,0
Christmas orange,213,108,43
Christmas pink,255,204,203
Christmas pink,227,66,133
Christmas purple,102,51,152
Christmas purple,77,8,75
Christmas red,170,1,20
Christmas red,176,27,46
Christmas silver,225,223,224
Christmas yellow,255,204,0
Christmas yellow,254,242,0
Cinereous,152,129,123
Cinnabar,227,66,52
Cinnamon Satin,205,96,126
Citrine,228,208,10
Citrine Brown,147,55,9
Citron,159,169,31
Claret,127,23,52
Classic rose,251,204,231
Cobalt blue,0,71,171
Coconut,150,90,62
Coconut White,233,237,246
Coffee,111,78,55
Cola,60,48,36
Columbia Blue,196,216,226
Conditioner,255,255,204
Congo pink,248,131,121
Cool black,0,46,99
Cool grey,140,146,172
Cookies and cream,238,224,177
Copper,184,115,51
Copper (Crayola),218,138,103
Copper penny,173,111,105
Copper red,203,109,81
Copper rose,153,102,102
Coquelicot,255,56,0
Coral,255,127,80
Coral red,255,64,64
Coral reef,253,124,110
Coral Reef (Valspar Paint Color),246,164,148
Cordovan,137,63,69
Corn,251,236,93
Cornflower blue,100,149,237
Cornflower,147,204,234
Cornsilk,255,248,220
Cosmic cobalt,46,45,136
Cosmic latte,255,248,231
Coyote brown,129,97,60
Cotton candy,255,188,217
Cream,255,253,208
Crimson,220,20,60
Crimson glory,190,0,50
Crimson red,153,0,0
Crystal,167,216,222
Crystal blue,104,160,176
Cultured,245,245,245
Cyan azure,78,130,180
Cyan-blue azure,70,130,191
Cyan cobalt blue,40,88,156
Cyan cornflower blue,24,139,194
Cyan (process),0,183,235
Cyber grape,88,66,124
Cyber yellow,255,211,0
Cyclamen,245,111,161
Daffodil,255,255,49
Dandelion,240,225,48
Dandelion (Crayola),253,219,109
Dark blue,0,0,139
Dark blue-gray,102,102,153
Dark bronze,128,74,0
Dark bronze (Coin),81,65,0
Dark brown,101,67,33
Dark brown-tangelo,136,101,78
Dark byzantium,93,57,84
Dark candy apple red,164,0,0
Dark cerulean,8,69,126
Dark charcoal,51,51,51
Dark chestnut,152,105,96
Dark chocolate,73,2,6
Dark chocolate (Hershey's),60,19,33
Dark cornflower blue,38,66,139
Dark coral,205,91,69
Dark cyan,0,139,139
Dark electric blue,83,104,120
Dark gold,170,108,57
Dark goldenrod,184,134,11
Dark gray (X11),169,169,169
Dark green,1,50,32
Dark green (X11),0,100,0
Dark gunmetal,31,38,42
Dark imperial blue,0,65,106
Dark imperial blue,0,20,126
Dark jungle green,26,36,33
Dark khaki,189,183,107
Dark lava,72,60,50
Dark lavender,115,79,150
Dark lemon lime,139,190,27
Dark liver,83,75,79
Dark liver (horses),84,61,55
Dark magenta,139,0,139
Dark midnight blue,0,51,102
Dark moss green,74,93,35
Dark Navy,2,7,93
Dark olive green,85,107,47
Dark orange,255,140,0
Dark orchid,153,50,204
Dark pastel blue,119,158,203
Dark pastel green,3,192,60
Dark pastel purple,150,111,214
Dark pastel red,194,59,34
Dark pink,231,84,128
Dark powder blue,0,51,153
Dark puce,79,58,60
Dark purple,48,25,52
Dark raspberry,135,38,87
Dark red,139,0,0
Dark salmon,233,150,122
Dark scarlet,86,3,25
Dark sea green,143,188,143
Dark sienna,60,20,20
Dark silver,113,112,110
Dark sky blue,140,190,214
Dark slate blue,72,61,139
Dark slate gray,47,79,79
Dark spring green,23,114,69
Dark tan,145,129,81
Dark tangerine,255,168,18
Dark terra cotta,204,78,92
Dark turquoise,0,206,209
Dark vanilla,209,190,168
Dark violet,148,0,211
Dark yellow,155,135,12
Dartmouth green,0,112,60
Davy's grey,85,85,85
Debian red,215,10,83
Deep amethyst,156,138,164
Deep aquamarine,64,130,109
Deep carmine,169,32,62
Deep carmine pink,239,48,56
Deep carrot orange,233,105,44
Deep cerise,218,50,135
Deep champagne,250,214,165
Deep chestnut,185,78,72
Deep coffee,112,66,65
Deep dumpling,155,53,27
Deep fuchsia,193,84,193
Deep green,5,102,8
Deep green-cyan turquoise,14,124,97
Deep jungle green,0,75,73
Deep koamaru,51,51,102
Deep lemon,245,199,26
Deep lilac,153,85,187
Deep magenta,204,0,204
Deep maroon,130,0,0
Deep mauve,212,115,212
Deep moss green,53,94,59
Deep peach,255,203,164
Deep pink,255,20,147
Deep puce,169,92,104
Deep red,133,1,1
Deep ruby,132,63,91
Deep saffron,255,153,51
Deep Space Sparkle,74,100,108
Deep taupe,126,94,96
Deep Tuscan red,102,66,77
Deep violet,51,0,102
Deer,186,135,89
Denim,21,96,189
Denim blue,34,67,182
Desaturated cyan,102,153,153
Desert sand,237,201,175
Desire,234,60,83
Diamond,185,242,255
Dim gray,105,105,105
Dingy Dungeon,197,49,81
Dirt,155,118,83
Dirty brown,181,101,30
Dirty white,232,228,201
Dodger blue,30,144,255
Dodie yellow,254,246,91
Dogwood rose,215,24,104
Dollar bill,133,187,101
Dolphin gray,130,142,132
Douban Blue,36,150,205
Douban Green,46,150,61
Douban Light Yellow,247,197,142
Duke blue,0,0,156
Durian,176,121,57
Durian White,230,208,171
Durian Yellow,225,189,39
Dust storm,229,204,201
Dutch white,239,223,187
Earthtone,93,58,26
Earth yellow,225,169,95
Ebony,85,93,80
Ecru,194,178,128
Eerie black,27,27,27
Eggplant,97,64,81
Eggshell,240,234,214
Egyptian blue,16,52,166
Elderberry,23,24,43
Electric blue,125,249,255
Electric brown,181,98,87
Electric crimson,255,0,63
Electric green,0,255,0
Electric indigo,111,0,255
Electric lime,204,255,0
Electric orange,255,53,3
Electric pink,246,38,129
Electric purple,191,0,255
Electric red,230,0,0
Electric ultramarine,63,0,255
Electric violet,143,0,255
Electric yellow,255,255,51
Emerald,80,200,120
Emerald green,4,99,7
Eminence,108,48,130
English lavender,180,131,149
English red,171,75,82
English vermillion,204,71,75
English violet,86,60,92
Eton blue,150,200,162
Eucalyptus,68,215,168
Facebook Blue,57,86,156
Falu red,128,24,24
Fandango,181,51,137
Fandango pink,222,82,133
Fashion fuchsia,244,0,161
Fawn,229,170,112
Feldgrau,77,93,83
Feldspar,253,213,177
Fern green,79,121,66
Ferrari red,255,40,0
Field drab,108,84,30
Fiery rose,255,84,112
Firebrick,178,34,34
Fire engine red,206,32,41
Fire opal,233,92,75
Flame,226,88,34
Flamingo pink,252,142,172
Flavescent,247,233,142
Flax,238,220,130
Flesh,255,233,209
Flickr Blue,33,107,214
Flickr Pink,251,0,129
Flirt,162,0,109
Floral white,255,250,240
Flower girl,244,152,173
Fluorescent blue,21,244,238
Folly,255,0,79
Forest green (Crayola),95,167,119
Forest green (traditional),1,68,33
Forest green (web),34,139,34
French bistre,133,109,77
French blue,0,114,187
French fuchsia,253,63,146
French lilac,134,96,142
French lime,158,253,56
French pink,253,108,158
French plum,129,20,83
French puce,78,22,9
French raspberry,199,44,72
French rose,246,74,138
French sky blue,119,181,254
French violet,136,6,206
French wine,172,30,68
Fresh Air,166,231,255
Frostbite,233,54,167
Fuchsia,255,0,255
Fuchsia pink,255,119,255
Fuchsia purple,204,57,123
Fuchsia rose,199,67,117
Fulvous,228,132,0
Fuzzy Wuzzy,204,102,102
Gainsboro,220,220,220
Gamboge,228,155,15
Gamboge orange (brown),153,102,0
Garnet,115,54,53
Gargoyle Gas,255,223,70
Generic viridian,0,127,102
Ghost white,248,248,255
Giant's Club,176,92,82
Giants orange,254,90,29
Gin,216,228,188
Glaucous,96,130,182
Glossy grape,171,146,179
GO green,0,171,102
Gold,165,124,0
Gold (metallic),212,175,55
Gold (web) (Golden),255,215,0
Gold (Crayola),230,190,138
Gold Fusion,133,117,78
Gold foil,189,155,22
Golden brown,153,101,21
Golden poppy,252,194,0
Golden yellow,255,223,0
Goldenrod,218,165,32
Google Chrome red,222,82,70
Google Chrome blue,76,139,245
Google Chrome green,26,162,96
Google Chrome yellow,255,206,68
Granite gray,103,103,103
Granny Smith apple,168,228,160
Grape,111,45,168
Gray (HTML/CSS gray),128,128,128
Gray (X11 gray),190,190,190
Gray-asparagus,70,89,69
Green,0,128,1
Green (Crayola),28,172,120
Green (Munsell),0,168,119
Green (NCS),0,159,107
Green (Pantone),0,173,67
Green (pigment),0,165,80
Green (RYB),102,176,50
Green-blue,17,100,180
Green-blue (Crayola),40,135,200
Green Cola,76,114,29
Green-cyan,0,153,102
Green Lizard,167,244,50
Green Sheen,110,174,161
Green slime,101,255,0
Green-yellow,173,255,47
Green-yellow (Crayola),240,232,145
Grullo,169,154,134
Guppie green,0,255,127
Gunmetal,42,52,57
Guyabano,248,248,248
Halayà úbe,102,56,84
Halloween orange,235,97,35
Han blue,68,108,207
Han purple,82,24,250
Harlequin,63,255,0
Harlequin green,70,203,24
Harmonious rose,242,156,183
Harvard crimson,201,0,22
Harvest gold,218,145,0
Hawaii blue,0,195,227
Heart gold,128,128,0
Heat Wave,255,122,0
Heliotrope,223,115,255
Heliotrope gray,170,152,169
Heliotrope magenta,170,0,187
Honeydew,240,255,240
Honolulu blue,0,109,176
Hooker's green,73,121,107
Hot magenta,255,29,206
Hot pink,255,105,180
Huawei Red,207,10,44
Huawei Red (1987-2018),237,28,36
Iceberg,113,166,210
Iced tea,146,60,1
Icterine,252,247,94
Iguana green,113,188,120
Illuminating emerald,49,145,119
Imperial,96,47,107
Imperial blue,0,35,149
Imperial purple,102,2,60
Imperial red,237,41,57
Inchworm,178,236,93
Independence,76,81,109
India green,19,136,8
Indian red,205,92,92
Indian yellow,227,168,87
Indigo,75,0,130
Indigo dye,9,31,146
Indigo (rainbow),35,48,103
Infra red,255,73,108
Interdimensional blue,54,12,204
International Klein Blue,0,47,167
International orange (aerospace),255,79,0
International orange (engineering),186,22,12
International orange (Golden Gate Bridge),192,54,44
Iris,90,79,207
Iron,161,157,148
Irresistible,179,68,108
Isabelline,244,240,236
Islamic green,0,144,0
Ivory,255,255,240
Jacarta,61,50,93
Jacko bean,65,54,40
Jade,0,168,107
Japanese carmine,157,41,51
Japanese indigo,38,67,72
Japanese laurel,47,117,50
Japanese violet,91,50,86
Jasmine,248,222,126
Jasper,215,59,62
Jasper orange,222,143,78
Jazzberry jam,165,11,94
Jelly bean,218,97,78
Jelly bean blue,68,121,142
Jet,52,52,52
Jet stream,187,208,201
Jonquil,244,202,22
Jordy blue,138,185,241
June bud,189,218,87
Jungle green,41,171,135
Kelly green,76,187,23
Kenyan copper,124,28,5
Keppel,58,176,158
Key lime,232,244,140
Khaki (HTML/CSS) (Khaki),195,176,145
Khaki (X11) (Light khaki),240,230,140
Kiwi,142,229,63
Kobe,136,45,23
Kobi,231,159,196
Kombu green,53,66,48
KSU purple,81,40,136
KU crimson,232,0,13
La Salle green,8,120,48
Languid lavender,214,202,221
Lapis lazuli,38,97,156
Laser lemon,255,255,102
Laurel green,169,186,157
Lava,207,16,32
Lavender (floral),181,126,220
Lavender (web),230,230,250
Lavender blue,204,204,255
Lavender blush,255,240,245
Lavender gray,196,195,208
Lavender indigo,148,87,235
Lavender magenta,238,130,238
Lavender pink,251,174,210
Lavender purple,150,123,182
Lavender rose,251,160,227
Lawn green,124,252,0
Lemon,255,247,0
Lemon chiffon,255,250,205
Lemon curry,204,160,29
Lemon glacier,253,255,0
Lemon meringue,246,234,190
Lemon yellow,255,244,79
Lemon yellow (Crayola),255,255,159
Lenurple,186,147,216
Liberty,84,90,167
Licorice,26,17,16
Light blue,173,216,230
Light brown,181,101,29
Light carmine pink,230,103,113
Light chocolate cosmos,85,31,47
Light cobalt blue,136,172,224
Light coral,240,128,128
Light crimson,245,105,145
Light cyan,224,255,255
Light deep pink,255,92,205
Light French beige,200,173,127
Light fuchsia pink,249,132,239
Light gold,178,151,0
Light goldenrod yellow,250,250,210
Light gray,211,211,211
Light grayish magenta,204,153,204
Light green,144,238,144
Light hot pink,255,179,222
Light magenta,255,128,255
Light medium orchid,211,155,203
Light moss green,173,223,173
Light orange,254,216,177
Light orchid,230,168,215
Light pastel purple,177,156,217
Light periwinkle,197,203,225
Light pink,255,182,193
Light salmon,255,160,122
Light salmon pink,255,153,153
Light sea green,32,178,170
Light silver,216,216,216
Light sky blue,135,206,250
Light slate gray,119,136,153
Light steel blue,176,196,222
Light taupe,179,139,109
Light yellow,255,255,224
Lilac,200,162,200
Lilac Luster,174,152,170
Lime green,50,205,50
Limerick,157,194,9
Lincoln green,25,89,5
Linen,250,240,230
Linkedin Blue,0,114,177
Little boy blue,108,160,220
Little girl pink,248,185,212
Liver,103,76,71
Liver (dogs),184,109,41
Liver (organ),108,46,31
Liver chestnut,152,116,86
Lotion,254,253,250
Lumber,255,228,205
Lust,230,32,32
Lychee,220,83,73
Maastricht blue,0,28,61
Macaroni and Cheese,255,189,136
Madder Lake,204,51,54
Magenta (dye),202,31,123
Magenta (Pantone),208,65,126
Magenta (process),255,0,144
Magenta haze,159,69,118
Magenta-pink,204,51,139
Magic mint,170,240,209
Magic Potion,255,68,102
Magnolia,248,244,255
Mahogany,192,64,0
Maize (Crayola),242,198,73
Majorelle blue,96,80,220
Malachite,11,218,81
Manatee,151,154,170
Mandarin,243,122,72
Mango green,150,255,0
Mango Tango,255,130,67
Mantis,116,195,101
Mardi Gras,136,0,133
Marigold,234,162,33
Maroon (HTML/CSS),128,0,0
Maroon (X11),176,48,96
Mauve,224,176,255
Mauve taupe,145,95,109
Mauvelous,239,152,170
Maximum blue,71,171,204
Maximum blue green,48,191,191
Maximum blue purple,172,172,230
Maximum green,94,140,49
Maximum green yellow,217,230,80
Maximum purple,115,51,128
Maximum red,217,33,33
Maximum red purple,166,58,121
Maximum yellow,250,250,55
Maximum yellow red,242,186,73
May green,76,145,65
Maya blue,115,194,251
Meat brown,229,183,59
Medium aquamarine,102,221,170
Medium blue,0,0,205
Medium candy apple red,226,6,44
Medium carmine,175,64,53
Medium champagne,243,229,171
Medium electric blue,3,80,150
Medium jungle green,28,53,45
Medium lavender magenta,221,160,221
Medium orchid,186,85,211
Medium Persian blue,0,103,165
Medium purple,147,112,219
Medium red-violet,187,51,133
Medium ruby,170,64,105
Medium sea green,60,179,113
Medium sky blue,128,218,235
Medium slate blue,123,104,238
Medium spring bud,201,220,135
Medium spring green,0,250,154
Medium turquoise,72,209,204
Medium vermilion,217,96,59
Medium violet-red,199,21,133
Mellow apricot,248,184,120
Melancholy,253,188,180
Menthol,193,249,162
Metallic blue,50,82,123
Metallic bronze,169,113,66
Metallic brown,172,67,19
Metallic green,41,110,1
Metallic orange,218,104,15
Metallic pink,237,166,196
Metallic red,166,44,43
Metallic Seaweed,10,126,140
Metallic silver,168,169,173
Metallic Sunburst,156,124,56
Metallic violet,91,10,145
Metallic yellow,253,204,13
Mexican pink,228,0,124
Microsoft red,240,78,31
Microsoft blue,0,162,237
Microsoft green,125,183,0
Microsoft yellow,253,185,0
Microsoft Edge blue,0,120,215
Middle blue,126,212,230
Middle blue green,141,217,204
Middle blue purple,139,114,190
Middle grey,139,134,128
Middle green,77,140,87
Middle green yellow,172,191,96
Middle purple,217,130,181
Middle red,229,142,115
Middle red purple,165,83,83
Middle yellow,255,235,0
Middle yellow red,236,177,118
Midnight,112,38,112
Midnight blue,25,25,112
Midnight blue,0,70,140
Midnight green (eagle green),0,73,83
Mikado yellow,255,196,12
Milk,253,255,245
Milk chocolate,132,86,60
Mimi pink,255,218,233
Mindaro,227,249,136
Ming,54,116,125
Minion yellow,245,224,80
Mint,62,180,137
Mint cream,245,255,250
Mint green,152,255,152
Misty moss,187,180,119
Misty rose,255,228,225
Mocha,190,164,147
Moonstone,58,168,193
Moonstone blue,115,169,194
Mordant red 19,174,12,0
Morning blue,141,163,153
Moss green,138,154,91
Mountain Meadow,48,186,143
Mountbatten pink,153,122,141
MSU green,24,69,59
Mud,112,84,62
Mughal green,48,96,48
Mulberry,197,75,140
Mulberry (Crayola),200,80,155
Mustard,255,219,88
Mustard brown,205,122,0
Mustard green,110,110,48
Mustard yellow,225,173,1
Myrtle green,49,120,115
Mystic,214,82,130
Mystic maroon,173,67,121
Mystic red,255,85,0
Nadeshiko pink,246,173,198
Napier green,42,128,0
Naples yellow,250,218,94
Navajo white,255,222,173
Navy blue,0,0,128
Neon blue,27,3,163
Neon green,57,255,20
New Car,33,79,198
New York pink,215,131,127
Nickel,114,116,114
Nintendo red,228,0,15
Non-photo blue,164,221,237
North Texas green,5,144,51
Nyanza,233,255,219
Ocean Blue,79,66,181
Ocean boat blue,0,119,190
Ocean green,72,191,145
Ochre,204,119,34
Ogre Odor,253,82,64
Old burgundy,67,48,46
Old gold,207,181,59
Old lace,253,245,230
Old lavender,121,104,120
Old mauve,103,49,71
Old moss green,134,126,54
Old rose,192,128,129
Olive Drab (#3),107,142,35
Olive Drab #7,60,52,31
Olive green,181,179,92
Olivine,154,185,115
Onyx,53,56,57
Opal,168,195,188
Opera Red,255,27,45
Opera mauve,183,132,167
Orange (color wheel),255,127,0
Orange (Crayola),255,117,56
Orange (Pantone),255,88,0
Orange (RYB),251,153,2
Orange (web),255,165,0
Orange peel,255,159,0
Orange-red,255,104,31
Orange-red (Crayola),255,83,73
Orange soda,250,91,61
Orange soda,235,89,61
Orange-yellow,245,189,31
Orange-yellow (Crayola),248,213,104
Orchid,218,112,214
Orchid pink,242,189,205
Orchid (Crayola),226,156,210
Orioles orange,251,79,20
Outer space,65,74,76
Outer space (Crayola),45,56,58
Outrageous Orange,255,110,74
Oxford blue,0,33,71
Oxley,109,154,121
OU Crimson red,132,22,23
Pacific blue,28,169,201
Painite,107,73,71
Pakistan green,0,102,0
Palatinate blue,39,59,226
Palatinate purple,104,40,96
Pale blue,175,238,238
Pale brown,152,118,84
Pale cerulean,155,196,226
Pale chestnut,221,173,175
Pale cornflower blue,171,205,239
Pale cyan,135,211,248
Pale goldenrod,238,232,170
Pale green,152,251,152
Pale lavender,220,208,255
Pale magenta,249,132,229
Pale magenta-pink,255,153,204
Pale pink,250,218,221
Pale purple (Pantone),250,230,250
Pale red-violet,219,112,147
Pale robin egg blue,150,222,209
Pale silver,201,192,187
Pale spring bud,236,235,189
Pale taupe,188,152,126
Pale violet,204,153,255
Palm Leaf,111,153,64
Panasonic blue,0,64,190
Pansy purple,120,24,74
Paolo Veronese green,0,155,125
Papaya whip,255,239,213
Parakeet Blue,126,182,255
Paradise pink,230,62,98
Parrot Pink,217,152,160
Pastel blue,174,198,207
Pastel brown,131,105,83
Pastel gray,207,207,196
Pastel green,119,221,119
Pastel magenta,244,154,194
Pastel orange,255,179,71
Pastel pink,222,165,164
Pastel purple,179,158,181
Pastel red,255,105,97
Pastel violet,203,153,201
Pastel yellow,253,253,150
Patriarch,128,0,128
Peach,255,229,180
Peach-orange,255,204,153
Peach puff,255,218,185
Peach Burst,243,153,152
Peach-yellow,250,223,173
Pear,209,226,49
Pearl,234,224,200
Pearl Aqua,136,216,192
Pearly purple,183,104,162
Peridot,230,226,0
Periwinkle (Crayola),195,205,230
Permanent Geranium Lake,225,44,44
Persian blue,28,57,187
Persian green,0,166,147
Persian indigo,50,18,122
Persian orange,217,144,88
Persian pink,247,127,190
Persian plum,112,28,28
Persian red,204,51,51
Persian rose,254,40,162
Persimmon,236,88,0
Peru,205,133,63
Pewter Blue,139,168,183
Philippine blue,0,56,167
Philippine bronze,110,58,7
Philippine brown,93,25,22
Philippine gold,177,115,4
Philippine gray,140,140,140
Philippine green,0,133,67
Philippine orange,255,115,0
Philippine pink,250,26,142
Philippine red,206,17,39
Philippine silver,179,179,179
Philippine violet,129,0,127
Philippine yellow,254,203,0
Phlox,223,0,255
Phthalo blue,0,15,137
Phthalo green,18,53,36
Picton blue,69,177,232
Pictorial carmine,195,11,78
Piggy pink,253,221,230
Pine green,1,121,111
Pine tree,42,47,35
Pineapple,86,60,13
Pink,255,192,203
Pink (Pantone),215,72,148
Pink Diamond (Ace Hardware Color),246,214,222
Pink Diamond (Independent Retailers Colors),240,211,220
Pink flamingo,252,116,253
Pink lace,255,221,244
Pink lavender,216,178,209
Pink pearl,231,172,207
Pink raspberry,152,0,54
Pink Sherbet,247,143,167
Pistachio,147,197,114
Pixie Powder,57,18,133
Platinum,229,228,226
Plum,142,69,133
Plump Purple,89,70,178
Poker Green,53,101,77
Police blue,55,79,107
Polished Pine,93,164,147
Pomegranate,102,12,33
Pomelo,150,165,60
Pomelo White,249,255,227
Pomelo Olive,191,189,112
Poppy Petal,246,160,140
Popstar,190,79,98
Portland Orange,255,90,54
Powder blue,176,224,230
Princess Perfume,255,133,207
Princeton orange,245,128,37
Prussian blue,0,49,83
Puce,204,136,153
Puce red,114,47,55
Pullman Brown (UPS Brown),100,65,23
Pullman Green,59,51,28
Pumpkin,255,117,24
Purple (Munsell),159,0,197
Purple (X11),160,32,240
Purple Heart,105,53,156
Purple mountain majesty,150,120,182
Purple navy,78,81,128
Purple pizzazz,254,78,218
Purple Plum,156,81,182
Purple taupe,80,64,77
Purpureus,154,78,174
Quartz,81,72,79
Queen blue,67,107,149
Queen pink,232,204,215
Quick Silver,166,166,166
Quinacridone magenta,142,58,89
Quincy,106,84,69
Radical Red,255,53,94
Raisin black,36,33,36
Rajah,251,171,96
Rambutan,199,18,50
Rambutan Red,167,33,39
Raspberry,227,11,93
Raspberry pink,226,80,152
Raw Sienna,214,138,89
Raw umber,130,102,68
Razzle dazzle rose,255,51,204
Razzmatazz,227,37,107
Razzmic Berry,141,78,133
Rebecca Purple,102,51,153
Red,255,0,0
Red (Crayola),238,32,77
Red (Munsell),242,0,60
Red (NCS),196,2,51
Red (RYB),254,39,18
Red cola,182,32,32
Red devil,134,1,17
Red-orange (Color wheel),255,69,0
Red-purple,228,0,120
Red Salsa,253,58,74
Red-violet (Crayola),192,68,143
Red-violet (Color wheel),146,43,62
Redwood,164,90,82
Regalia,82,45,128
Resolution blue,0,35,135
Rhythm,119,118,150
Rich black,0,64,64
Rich black (FOGRA29),1,11,19
Rich black (FOGRA39),1,2,3
Rich brilliant lavender,241,167,254
Rich electric blue,8,146,208
Rich lavender,167,107,207
Rich lilac,182,102,210
Rifle green,68,76,56
Ripe mango,255,195,36
Robin egg blue,0,204,204
Rocket metallic,138,127,128
Roman silver,131,137,150
Root beer,41,14,5
Rose bonbon,249,66,158
Rose Dust,158,94,111
Rose ebony,103,72,70
Rose garnet,150,1,69
Rose gold,183,110,121
Rose pink,255,102,204
Rose quartz pink,189,85,156
Rose red,194,30,86
Rose taupe,144,93,93
Rose vale,171,78,82
Rosewood,101,0,11
Rosso corsa,212,0,0
Rosy brown,188,143,143
Royal azure,0,56,168
Royal blue,0,35,102
Royal blue,65,105,225
Royal brown,82,59,53
Royal fuchsia,202,44,146
Royal green,19,98,7
Royal orange,249,146,69
Royal pink,231,56,149
Royal red,155,28,49
Royal red,208,0,96
Royal purple,120,81,169
Ruber,206,70,118
Rubine red,209,0,86
Ruby,224,17,95
Ruby red,155,17,30
Ruddy,255,0,40
Ruddy brown,187,101,40
Ruddy pink,225,142,150
Rufous,168,28,7
Russet,128,70,27
Russian green,103,146,103
Russian violet,50,23,77
Rust,183,65,14
Rusty red,218,44,67
Sacramento State green,4,57,39
Saddle brown,139,69,19
Safety orange,255,120,0
Safety orange (blaze orange),255,103,0
Safety yellow,238,210,2
Saffron,244,196,48
Sage,188,184,138
St. Patrick's blue,35,41,122
Salem,23,123,77
Salmon,250,128,114
Salmon pink,255,145,164
Salmon Rose,231,150,139
Samsung blue,18,39,158
Sandstorm,236,213,64
Sandy brown,244,164,96
Sandy Tan,253,217,181
Sangria,146,0,10
Sap green,80,125,42
Sapphire,15,82,186
Sasquatch Socks,255,70,129
Satin sheen gold,203,161,53
Scarlet,255,36,0
Scarlet,253,14,53
School bus yellow,255,216,0
Screamin' Green,102,255,102
Sea blue,0,105,148
Sea Foam Green,159,226,191
Sea green,46,139,87
Sea green (Crayola),0,255,205
Sea Serpent,75,199,207
Seal brown,89,38,11
Seashell,255,245,238
Selective yellow,255,186,0
Sepia,112,66,20
Sesame Street Green,0,168,112
Shadow,138,121,93
Shadow blue,119,139,165
Shampoo,255,207,241
Shamrock green,0,158,96
Shandy,255,230,112
Sheen green,143,212,0
Shimmering Blush,217,134,149
Shiny Shamrock,95,167,120
Shocking pink,252,15,192
Shocking pink (Crayola),255,111,255
Silver (Metallic),170,169,173
Silver chalice,172,172,172
Silver foil,175,177,174
Silver Lake blue,93,137,186
Silver pink,196,174,173
Silver sand,191,193,194
Sinopia,203,65,11
Sizzling Red,255,56,85
Sizzling Sunrise,255,219,0
Skobeloff,0,116,116
Sky blue,135,206,235
Sky blue (Crayola),118,215,234
Sky magenta,207,113,175
Slate blue,106,90,205
Slate gray,112,128,144
Slimy green,41,150,23
Smashed Pumpkin,255,109,58
Smitten,200,65,134
Smoke,115,130,118
Smokey Topaz,131,42,13
Smoky black,16,12,8
Smoky Topaz,147,61,65
Snow,255,250,250
Soap,206,200,239
Soldier Green,84,90,44
Solid pink,137,56,67
Sonic silver,117,117,117
Spartan Crimson,158,19,22
Space cadet,29,41,81
Spanish bistre,128,117,50
Spanish blue,0,112,184
Spanish carmine,209,0,71
Spanish crimson,229,26,76
Spanish gray,152,152,152
Spanish green,0,145,80
Spanish orange,232,97,0
Spanish pink,247,191,190
Spanish purple,102,3,60
Spanish red,230,0,38
Spanish violet,76,40,130
Spanish viridian,0,127,92
Spanish yellow,246,181,17
Spicy mix,139,95,77
Spiro Disco Ball,15,192,252
Spring bud,167,252,0
Spring Frost,135,255,42
Sprint Red,236,33,49
Sprint Yellow,255,221,5
Star command blue,0,123,184
Steel blue,70,130,180
Steel pink,204,51,204
Steel Teal,95,138,139
Stormcloud,79,102,106
Stone Terrace,160,148,132
Straw,228,217,111
Strawberry,252,90,141
Stop red,207,20,43
Strawberry red,200,63,73
Sugar Plum,145,78,117
Sunburnt Cyclops,255,64,76
Sunglow,255,204,51
Sunny,242,242,122
Sunray,227,171,87
Sunset Yellow,255,201,34
Super pink,207,107,169
Sweet Brown,168,55,49
Sweet Sixteen,242,158,171
Tan,210,180,140
Tan (Crayola),217,154,108
Tangelo,249,77,0
Tangerine,242,133,0
Taobao Orange,255,66,0
Tart Orange,251,77,70
Taupe gray,139,133,137
Tea green,208,240,192
Teal,0,128,128
Teal blue,54,117,136
Teal deer,153,230,179
Teal green,0,130,127
Telemagenta,207,52,118
Temptress,60,33,38
Tenné (tawny),205,87,0
Terra cotta,226,114,91
Thistle,216,191,216
Thistle (Crayola),235,176,215
Tickle Me Pink,252,137,172
Tiffany Blue,10,186,181
Tiger's eye,224,141,60
Timberwolf,219,215,210
Titanium,135,134,129
Titanium yellow,238,230,0
Tomato,255,99,71
Tomato sauce,178,24,7
Toolbox,116,108,192
Topaz,255,200,124
Tropical rain forest,0,117,94
Tropical violet,205,164,222
True Blue,45,104,196
Tufts blue,62,142,222
Tulip,255,135,141
Tumbleweed,222,170,136
Turkish rose,181,114,129
Turquoise,64,224,208
Turquoise blue,0,255,239
Turquoise green,160,214,180
Turquoise Surf,0,197,205
Tuscan red,124,72,72
Tuscany,192,153,153
Twilight lavender,138,73,107
Twitter blue,38,167,222
UA blue,0,51,170
UA red,217,0,76
Ube,136,120,195
UCLA blue,83,104,149
UCLA gold,255,179,0
UE red,186,0,1
UFO Green,60,208,112
Ultramarine blue,65,102,245
Ultra red,252,108,133
Umber,99,81,71
Unbleached silk,255,221,202
United Nations blue,91,146,229
University of Alabama Crimson,158,27,50
University of California Gold,183,135,39
University of Georgia Red,186,12,47
University of Kentucky Blue,0,51,160
University of Louisville Red,173,0,0
University of Pikeville Orange,234,110,30
University of Tennessee Orange,247,127,0
UP maroon,123,17,19
Upsdell red,174,32,41
Urobilin,225,173,33
USAFA blue,0,79,152
Utah Crimson,211,0,63
Vampire black,8,8,8
Van Dyke brown,102,66,40
Vanilla ice,243,143,169
Vegas gold,197,179,88
Venetian red,200,8,21
Verdigris,67,179,174
Verizon Red,205,4,11
Verizon Red (2000-2015),236,28,36
Vermilion,217,56,30
Verse green,24,136,13
Very light azure,116,187,251
Very light blue,102,102,255
Very light malachite green,100,233,134
Very light tangelo,255,176,119
Very pale orange,255,223,191
Very pale yellow,255,255,191
Vine Green,56,163,42
Violet (color wheel),127,0,255
Violet (crayola),150,61,127
Violet (RYB),134,1,175
Violet-blue,50,74,178
Violet-blue (Crayola),118,110,200
Violet-red,247,83,148
Violet-red,137,20,70
Violets Are Blue,131,102,244
Violin Brown,103,68,3
Viridian green,0,150,152
Vista blue,124,158,217
Vivaldi Red,239,57,57
Vivid auburn,146,39,36
Vivid burgundy,159,29,53
Vivid cerise,218,29,129
Vivid cerulean,0,170,238
Vivid crimson,204,0,51
Vivid gamboge,255,153,0
Vivid lime green,166,214,8
Vivid malachite,0,204,51
Vivid mulberry,184,12,227
Vivid orange,255,95,0
Vivid orange peel,255,160,0
Vivid orchid,204,0,255
Vivid raspberry,255,0,108
Vivid red,247,13,26
Vivid red-tangelo,223,97,36
Vivid sky blue,0,204,255
Vivid tangelo,240,116,39
Vivid tangerine,255,160,137
Vivid vermilion,229,96,36
Vivid violet,159,0,255
Vivid yellow,255,227,2
Vodka,191,192,238
Volt,206,255,0
Wageningen green,52,178,51
Walmart blue,0,125,198
Walmart blue (Truck),0,49,126
Walmart blue (Website),8,121,201
Walmart blue (1992–2008),47,57,168
Walmart blue (1981–1992),29,44,160
Walmart blue (1964–1981),3,3,3
Walmart blue (1962–1964),12,93,167
Walmart Market Green,168,243,0
Walmart Neighborhood Market Green,136,192,33
Walmart Neighborhood Market Green (2010-2011),85,197,0
Walmart Neighborhood Market Green (2008-2010),50,122,40
Walmart Neighborhood Market Green (1998-2008),16,107,74
Warm black,0,66,66
Water,212,241,249
Watermelon,240,92,133
Watermelon red,191,65,71
Waterspout,164,244,249
Weebly Blue,31,142,237
Weebly Orange,255,154,0
Weldon Blue,124,152,171
Wendy's Red,221,20,56
Wendy's Red (2007-2013),205,2,45
Wendy's Red (1975-2007),237,27,36
Wendy's Red (1971-1975),238,58,67
Wendy's Red (1969-1971),238,57,66
Wenge,100,84,82
Wheat,245,222,179
White,255,255,255
White chocolate,237,230,214
White coffee,230,224,212
Wild blue yonder,162,173,208
Wild orchid,212,112,162
Wild Strawberry,255,67,164
Willpower orange,253,88,0
Windsor tan,167,85,2
Wine red,177,18,38
Winter Sky,255,0,124
Winter Wizard,160,230,255
Wintergreen Dream,86,136,125
Wisteria,201,160,220
Xanadu,115,134,120
Xbox Green,14,122,13
Xiaomi Orange,253,73,0
Yahoo Japan Red,255,0,51
Yahoo Purple,65,2,176
Yahoo Purple (1995),124,1,154
Yale Blue,15,77,146
Yankees blue,28,40,65
Yellow,255,255,0
Yellow (Crayola),252,232,131
Yellow (Munsell),239,204,0
Yellow (Pantone),254,223,0
Yellow (RYB),254,254,51
Yellow-green,154,205,50
Yellow-green (Crayola),197,227,132
Yellow-green (Color Wheel),48,178,26
Yellow Orange,255,174,66
Yellow Orange (Color Wheel),255,149,5
Yellow rose,255,240,0
YInMn Blue,46,80,144
Youtube red,178,7,29
Zaffre,0,20,168
Zinnwaldite brown,44,22,8
Zomp,57,167,142
ZTE Blue,66,134,210
ZTE Blue (1985-2015),32,86,174
Abbey,76,79,86
Acadia,27,20,4
Acapulco,124,176,161
Acorn,106,93,27
Affair,113,70,147
Afghan Tan,134,86,10
Akaroa,212,196,168
Albescent White,245,233,211
Alert Tan,155,71,3
Allports,0,118,163
Almond Frost,144,123,113
Alpine,175,143,44
Alto,219,219,219
Aluminium,169,172,182
Americano,135,117,110
Amethyst Smoke,163,151,180
Amour,249,234,243
Amulet,123,159,128
Anakiwa,157,229,255
Antique Brass,112,74,7
Anzac,224,182,70
Apache,223,190,111
Apple,79,168,61
Apple Blossom,175,77,67
Apple Green,226,243,236
Apricot,235,147,115
Apricot White,255,254,236
Aqua,161,218,215
Aqua Haze,237,245,245
Aqua Spring,234,249,245
Aqua Squeeze,232,245,242
Aquamarine,1,75,67
Arapawa,17,12,108
Armadillo,67,62,55
Arrowtown,148,135,113
Ash,198,195,181
Ash Brown,46,25,5
Asphalt,19,10,6
Astra,250,234,185
Astral,50,125,160
Astronaut,40,58,119
Astronaut Blue,1,62,98
Athens Grey,238,240,243
Aths Special,236,235,206
Atlantis,151,205,45
Atoll,10,111,117
Atomic,49,68,89
Au Chico,151,96,93
Aubergine,59,9,16
Australian Mint,245,255,190
Avocado,136,141,101
Axolotl,78,102,73
Azalea,247,200,218
Aztec,13,28,25
Azure,49,91,161
Bahama Blue,2,99,149
Bahia,165,203,12
Baja White,255,248,209
Bali Hai,133,159,175
Baltic Sea,42,38,48
Bamboo,218,99,4
Bandicoot,133,132,112
Barberry,222,215,23
Barley Corn,166,139,91
Barley White,255,244,206
Barossa,68,1,45
Bastille,41,33,48
Battleship Grey,130,143,114
Bay Leaf,125,169,141
Bay of Many,39,58,129
Beauty Bush,238,193,190
Beeswax,254,242,199
Bermuda,125,216,198
Bermuda Grey,107,139,162
Beryl Green,222,229,192
Bianca,252,251,243
Big Stone,22,42,64
Bilbao,50,124,20
Biloba Flower,178,161,234
Birch,55,48,33
Bird Flower,212,205,22
Biscay,27,49,98
Bismark,73,113,131
Bison Hide,193,183,164
Bitter,134,137,116
Bizarre,238,222,218
Black Bean,8,25,16
Black Forest,11,19,4
Black Haze,246,247,247
Black Magic,37,23,6
Black Marlin,62,44,28
Black Pearl,4,19,34
Black Pepper,14,14,24
Black Rock,13,3,50
Black Rose,103,3,45
Black Russian,10,0,28
Black Squeeze,242,250,250
Black White,255,254,246
Blackberry,77,1,53
Blackcurrant,50,41,58
Blackwood,38,17,5
Bleach White,254,243,216
Bleached Cedar,44,33,51
Blossom,220,180,188
Blue Bayoux,73,102,121
Blue Bell,34,8,120
Blue Chalk,241,233,255
Blue Charcoal,1,13,26
Blue Chill,12,137,144
Blue Diamond,56,4,116
Blue Dianne,32,72,82
Blue Gem,44,14,140
Blue Haze,191,190,216
Blue Lagoon,1,121,135
Blue Marguerite,118,102,198
Blue Romance,210,246,222
Blue Smoke,116,136,129
Blue Stone,1,97,98
Blue Whale,4,46,76
Blue Zodiac,19,38,77
Blumine,24,88,122
Blush,180,70,104
Bokara Grey,28,18,8
Bombay,175,177,184
Bon Jour,229,224,225
Bondi Blue,2,71,142
Bone,228,209,192
Bordeaux,92,1,32
Bossanova,78,42,90
Boston Blue,59,145,180
Botticelli,199,221,229
Bottle Green,9,54,36
Boulder,122,122,122
Bouquet,174,128,158
Bourbon,186,111,30
Bracken,74,42,4
Brandy,222,193,150
Brandy Punch,205,132,41
Brandy Rose,187,137,131
Brazil,136,98,33
Breaker Bay,93,161,159
Bridal Heath,255,250,244
Bridesmaid,254,240,236
Bright Grey,60,65,81
Bright Red,177,0,0
Bright Sun,254,211,60
Bronco,171,161,150
Bronze,63,33,9
Bronze Olive,78,66,12
Bronzetone,77,64,15
Broom,255,236,19
Brown Bramble,89,40,4
Brown Derby,73,38,21
Brown Pod,64,24,1
Buccaneer,98,47,48
Bud,168,174,156
Buddha Gold,193,160,4
Bull Shot,134,77,30
Bunker,13,17,23
Bunting,21,31,76
Burgundy,119,15,5
Burnham,0,46,32
Burning Sand,217,147,118
Bush,13,46,28
Buttercup,243,173,22
Buttered Rum,161,117,13
Butterfly Bush,98,78,154
Buttermilk,255,241,181
Buttery White,255,252,234
Cab Sav,77,10,24
Cabaret,217,73,114
Cabbage Pont,63,76,58
Cactus,88,113,86
Cadillac,176,76,106
Cafe Royale,111,68,12
Calico,224,192,149
California,254,157,4
Calypso,49,114,141
Camarone,0,88,26
Camelot,137,52,86
Cameo,217,185,155
Camouflage,60,57,16
Can Can,213,145,164
Canary,243,251,98
Candlelight,252,217,23
Cannon Pink,137,67,103
Canvas,168,165,137
Cape Cod,60,68,67
Cape Honey,254,229,172
Cape Palliser,162,102,69
Caper,220,237,180
Caramel,255,221,175
Cararra,238,238,232
Cardin Green,1,54,28
Cardinal,140,5,94
Careys Pink,210,158,170
Carissma,234,136,168
Carla,243,255,216
Carnaby Tan,92,46,1
Carousel Pink,249,224,237
Casablanca,248,184,83
Casal,47,97,104
Cascade,139,169,165
Cashmere,230,190,165
Casper,173,190,209
Castro,82,0,31
Catskill White,238,246,247
Cavern Pink,227,190,190
Ce Soir,151,113,181
Cedar,62,28,20
Cedar Wood Finish,113,26,0
Celery,184,194,93
Celeste,209,210,202
Cello,30,56,91
Celtic,22,50,34
Cement,141,118,98
Ceramic,252,255,249
Chablis,255,244,243
Chalet Green,81,110,61
Chalky,238,215,148
Chambray,53,78,140
Chamois,237,220,177
Champagne,250,236,204
Chantilly,248,195,223
Charade,41,41,55
Chardon,255,243,241
Chardonnay,255,205,140
Charlotte,186,238,249
Charm,212,116,148
Chateau Green,64,168,96
Chatelle,189,179,199
Chathams Blue,23,85,121
Chelsea Cucumber,131,170,93
Chelsea Gem,158,83,2
Chenin,223,205,111
Cherokee,252,218,152
Cherry Pie,42,3,89
Cherrywood,101,26,20
Cherub,248,217,233
Chetwode Blue,133,129,217
Chicago,93,92,88
Chiffon,241,255,200
Chilean Fire,247,119,3
Chilean Heath,255,253,230
China Ivory,252,255,231
Chino,206,199,167
Chinook,168,227,189
Chocolate,55,2,2
Christalle,51,3,107
Christi,103,167,18
Christine,231,115,10
Chrome White,232,241,212
Cigar,119,63,26
Cinderella,253,225,220
Cioccolato,85,40,12
Citrine White,250,247,214
Citron,158,169,31
Citrus,161,197,10
Clairvoyant,72,6,86
Clam Shell,212,182,175
Clay Creek,138,131,96
Clear Day,233,255,253
Clementine,233,110,0
Clinker,55,29,9
Cloud,199,196,191
Cloud Burst,32,46,84
Cloudy,172,165,159
Clover,56,73,16
Cocoa Bean,72,28,28
Cocoa Brown,48,31,30
Coconut Cream,248,247,220
Cod Grey,11,11,11
Coffee,112,101,85
Coffee Bean,42,20,14
Cognac,159,56,29
Cola,63,37,0
Cold Purple,171,160,217
Cold Turkey,206,186,186
Colonial White,255,237,188
Comet,92,93,117
Como,81,124,102
Conch,201,217,210
Concord,124,123,122
Concrete,242,242,242
Confetti,233,215,90
Congo Brown,89,55,55
Conifer,172,221,77
Contessa,198,114,107
Copper Canyon,126,58,21
Copper Rust,148,71,71
Coral,199,188,162
Coral Candy,255,220,214
Coral Tree,168,107,107
Corduroy,96,110,104
Coriander,196,208,176
Cork,64,41,29
Corn,231,191,5
Corn Field,248,250,205
Corn Harvest,139,107,11
Cornflower,255,176,172
Corvette,250,211,162
Cosmic,118,57,93
Cosmos,255,216,217
Costa Del Sol,97,93,48
Cotton Seed,194,189,182
County Green,1,55,26
Cove Grey,5,22,87
Cowboy,77,40,45
Crab Apple,160,39,18
Crail,185,81,64
Cranberry,182,49,108
Crater Brown,70,36,37
Cream Brulee,255,229,160
Cream Can,245,200,92
Creme De Banane,255,252,153
Creole,30,15,4
Crete,115,120,41
Crocodile,115,109,88
Crown of Thorns,119,31,31
Cruise,181,236,223
Crusoe,0,72,22
Crusta,253,123,51
Cumin,146,67,33
Cumulus,253,255,213
Cupid,251,190,218
Curious Blue,37,150,209
Cutty Sark,80,118,114
Cyprus,0,62,64
Daintree,1,39,49
Dairy Cream,249,228,188
Daisy Bush,79,35,152
Dallas,110,75,38
Danube,96,147,209
Dark Ebony,60,32,5
Dark Oak,97,39,24
Dark Rimu,95,61,38
Dark Rum,65,32,16
Dark Slate,57,72,81
Dark Tan,102,16,16
Dawn,166,162,154
Dawn Pink,243,233,229
De York,122,196,136
Deco,210,218,151
Deep Blush,228,118,152
Deep Bronze,74,48,4
Deep Cove,5,16,64
Deep Fir,0,41,0
Deep Koamaru,27,18,123
Deep Sea,1,130,107
Deep Teal,0,53,50
Del Rio,176,154,149
Dell,57,100,19
Delta,164,164,157
Deluge,117,99,168
Derby,255,238,216
Desert,174,96,32
Desert Storm,248,248,247
Dew,234,255,254
Di Serria,219,153,94
Diesel,19,0,0
Dingley,93,119,71
Disco,135,21,80
Dixie,226,148,24
Dolly,249,255,139
Dolphin,100,96,119
Domino,142,119,94
Don Juan,93,76,81
Donkey Brown,166,146,121
Dorado,107,87,85
Double Colonial White,238,227,173
Double Pearl Lusta,252,244,208
Double Spanish White,230,215,185
Dove Grey,109,108,108
Downriver,9,34,86
Downy,111,208,197
Driftwood,175,135,81
Drover,253,247,173
Dune,56,53,51
Dusty Grey,168,152,155
Eagle,182,186,164
Earls Green,201,185,59
Early Dawn,255,249,230
East Bay,65,76,125
East Side,172,145,206
Eastern Blue,30,154,176
Ebb,233,227,227
Ebony,12,11,29
Ebony Clay,38,40,59
Echo Blue,175,189,217
Eclipse,49,28,23
Ecru White,245,243,229
Ecstasy,250,120,20
Eden,16,88,82
Edgewater,200,227,215
Edward,162,174,171
Egg Sour,255,244,221
Egg White,255,239,193
El Paso,30,23,8
El Salva,143,62,51
Elephant,18,52,71
Elf Green,8,131,112
Elm,28,124,125
Emperor,81,70,73
Empress,129,115,119
Endeavour,0,86,167
Energy Yellow,248,221,92
English Holly,2,45,21
English Walnut,62,43,35
Envy,139,166,144
Equator,225,188,100
Eternity,33,26,14
Eucalyptus,39,138,91
Eunry,207,163,157
Evening Sea,2,78,70
Everglade,28,64,46
Fair Pink,255,239,236
Falcon,127,98,109
Fantasy,250,243,240
Fedora,121,106,120
Feijoa,159,221,140
Fern,10,72,13
Fern Frond,101,114,32
Ferra,112,79,80
Festival,251,233,108
Feta,240,252,234
Fiery Orange,179,82,19
Finch,98,102,73
Finlandia,85,109,86
Finn,105,45,84
Fiord,64,81,105
Fire,170,66,3
Fire Bush,232,153,40
Firefly,14,42,48
Flame Pea,218,91,56
Flame Red,199,3,30
Flamenco,255,125,7
Flamingo,242,85,42
Flax,123,130,101
Flint,111,106,97
Foam,216,252,250
Fog,215,208,255
Foggy Grey,203,202,182
Forest Green,24,45,9
Forget Me Not,255,241,238
Fountain Blue,86,180,190
Frangipani,255,222,179
French Grey,189,189,198
French Lilac,236,199,238
French Pass,189,237,253
Friar Grey,128,126,121
Fringy Flower,177,226,193
Froly,245,117,132
Frost,237,245,221
Frosted Mint,219,255,248
Frostee,228,246,231
Fruit Salad,79,157,93
Fuchsia,122,88,193
Fuego,190,222,13
Fuel Yellow,236,169,39
Fun Blue,25,89,168
Fun Green,1,109,57
Fuscous Grey,84,83,77
Gable Green,22,53,49
Gallery,239,239,239
Galliano,220,178,12
Geebung,209,143,27
Genoa,21,115,107
Geraldine,251,137,137
Geyser,212,223,226
Ghost,199,201,213
Gigas,82,60,148
Gimblet,184,181,106
Gin,232,242,235
Gin Fizz,255,249,226
Givry,248,228,191
Glacier,128,179,196
Glade Green,97,132,95
Go Ben,114,109,78
Goblin,61,125,82
Gold Drop,241,130,0
Gold Tips,222,186,19
Golden Bell,226,137,19
Golden Dream,240,213,45
Golden Fizz,245,251,61
Golden Glow,253,226,149
Golden Sand,240,219,125
Golden Tainoi,255,204,92
Gondola,38,20,20
Gordons Green,11,17,7
Gorse,255,241,79
Gossamer,6,155,129
Gossip,210,248,176
Gothic,109,146,161
Governor Bay,47,60,179
Grain Brown,228,213,183
Grandis,255,211,140
Granite Green,141,137,116
Granny Apple,213,246,227
Granny Smith,132,160,160
Grape,56,26,81
Graphite,37,22,7
Grass Hopper,124,118,49
Gravel,74,68,75
Green House,36,80,15
Green Kelp,37,49,28
Green Leaf,67,106,13
Green Mist,203,211,176
Green Pea,29,97,66
Green Smoke,164,175,110
Green Spring,184,193,177
Green Vogue,3,43,82
Green Waterloo,16,20,5
Green White,232,235,224
Grenadier,213,70,0
Grey Chateau,162,170,179
Grey Green,69,73,54
Grey Nickel,195,195,189
Grey Nurse,231,236,230
Grey Olive,169,164,145
Grey Suit,193,190,205
Guardsman Red,186,1,1
Gulf Stream,128,179,174
Gull Grey,157,172,183
Gum Leaf,182,211,191
Gumbo,124,161,166
Gun Powder,65,66,87
Gunmetal,2,13,21
Gunsmoke,130,134,133
Gurkha,154,149,119
Hacienda,152,129,27
Hairy Heath,107,42,20
Haiti,27,16,53
Half and Half,255,254,225
Half Baked,133,196,204
Half Colonial White,253,246,211
Half Dutch White,254,247,222
Half Spanish White,254,244,219
Hampton,229,216,175
Harp,230,242,234
Harvest Gold,224,185,116
Havana,52,21,21
Havelock Blue,85,144,217
Hawaiian Tan,157,86,22
Hawkes Blue,212,226,252
Heath,84,16,18
Heather,183,195,208
Heathered Grey,182,176,149
Heavy Metal,43,50,40
Hemlock,94,93,59
Hemp,144,120,116
Highball,144,141,57
Highland,111,142,99
Hillary,172,165,134
Hint of Green,230,255,233
Hint of Red,249,249,249
Hint of Yellow,250,253,228
Hippie Blue,88,154,175
Hippie Green,83,130,75
Hippie Pink,174,69,96
Hit Grey,161,173,181
Hit Pink,255,171,129
Hokey Pokey,200,165,40
Hoki,101,134,159
Holly,1,29,19
Honey Flower,79,28,112
Honeysuckle,237,252,132
Hopbush,208,109,161
Horizon,90,135,160
Horses Neck,96,73,19
Hot Chile,139,7,35
Hot Toddy,179,128,7
Humming Bird,207,249,243
Hunter Green,22,29,16
Hurricane,135,124,123
Husk,183,164,88
Ice Cold,177,244,231
Iceberg,218,244,240
Illusion,246,164,201
Indian Tan,77,30,1
Indochine,194,107,3
Iroko,67,49,32
Iron,212,215,217
Ironbark,65,31,16
Ironside Grey,103,102,98
Ironstone,134,72,60
Island Spice,255,252,238
Jacaranda,46,3,41
Jacarta,58,42,106
Jacksons Purple,32,32,141
Jade,66,121,119
Jaffa,239,134,63
Jagged Ice,194,232,229
Jagger,53,14,87
Jaguar,8,1,16
Jambalaya,91,48,19
Janna,244,235,211
Japanese Laurel,10,105,6
Japanese Maple,120,1,9
Japonica,216,124,99
Java,31,194,194
Jelly Bean,41,123,154
Jet Stream,181,210,206
Jewel,18,107,64
Jon,59,31,31
Jonquil,238,255,154
Judge Grey,84,67,51
Jumbo,124,123,130
Jungle Green,40,30,21
Jungle Mist,180,207,211
Juniper,109,146,146
Just Right,236,205,185
Kabul,94,72,62
Kaitoke Green,0,70,32
Kangaroo,198,200,189
Karaka,30,22,9
Karry,255,234,212
Kashmir Blue,80,112,150
Kidnapper,225,234,212
Kilamanjaro,36,12,2
Killarney,58,106,71
Kimberly,115,108,159
Kingfisher Daisy,62,4,128
Kokoda,110,109,87
Korma,143,75,14
Koromiko,255,189,95
Kournikova,255,231,114
La Palma,54,135,22
La Rioja,179,193,16
Las Palmas,198,230,16
Laser,200,181,104
Laurel,116,147,120
Lavender,168,153,230
Leather,150,112,89
Lemon,244,216,28
Lemon Ginger,172,158,34
Lemon Grass,155,158,143
Lightning Yellow,252,192,30
Lilac Bush,152,116,211
Lily,200,170,191
Lily White,231,248,255
Lima,118,189,23
Lime,191,201,33
Limeade,111,157,2
Limed Ash,116,125,99
Limed Gum,66,57,33
Limed Oak,172,138,86
Linen,230,228,212
Link Water,217,228,245
Lipstick,171,5,99
Livid Brown,77,40,46
Loafer,238,244,222
Loblolly,189,201,206
Lochinvar,44,140,132
Lochmara,0,126,199
Locust,168,175,142
Log Cabin,36,42,29
Logan,170,169,205
Lola,223,207,219
London Hue,190,166,195
Lonestar,109,1,1
Lotus,134,60,60
Loulou,70,11,65
Lucky,175,159,28
Lucky Point,26,26,104
Lunar Green,60,73,58
Lusty,153,27,7
Luxor Gold,167,136,44
Lynch,105,126,154
Mabel,217,247,255
Madang,183,240,190
Madison,9,37,93
Madras,63,48,2
Mahogany,78,6,6
Mai Tai,176,102,8
Maize,245,213,160
Makara,137,125,109
Mako,68,73,84
Malibu,125,200,247
Mallard,35,52,24
Malta,189,178,161
Mamba,142,129,144
Mandalay,173,120,27
Mandy,226,84,101
Mandys Pink,242,195,178
Manhattan,245,201,153
Mantle,139,156,144
Manz,238,239,120
Mardi Gras,53,0,54
Marigold,185,141,40
Mariner,40,106,205
Maroon,66,3,3
Marshland,11,15,8
Martini,175,160,158
Martinique,54,48,80
Marzipan,248,219,157
Masala,64,59,56
Matisse,27,101,157
Matrix,176,93,84
Matterhorn,78,59,65
Maverick,216,194,213
Melanie,228,194,213
Melanzane,48,5,41
Melrose,199,193,255
Meranti,93,30,15
Mercury,229,229,229
Merino,246,240,230
Merlin,65,60,55
Merlot,131,25,35
Metallic Bronze,73,55,27
Metallic Copper,113,41,29
Meteor,208,125,18
Meteorite,60,31,118
Mexican Red,167,37,37
Mid Grey,95,95,110
Midnight,1,22,53
Midnight Express,0,7,65
Midnight Moss,4,16,4
Mikado,45,37,16
Milan,250,255,164
Milano Red,184,17,4
Milk Punch,255,246,212
Millbrook,89,68,51
Mimosa,248,253,211
Mine Shaft,50,50,50
Mineral Green,63,93,83
Minsk,63,48,127
Mint Julep,241,238,193
Mint Tulip,196,244,235
Mirage,22,25,40
Mischka,209,210,221
Mist Grey,196,196,188
Mobster,127,117,137
Moccaccino,110,29,20
Mocha,120,45,25
Mojo,192,71,55
Mona Lisa,255,161,148
Mondo,74,60,48
Mongoose,181,162,127
Monsoon,138,131,137
Montana,41,30,48
Monte Carlo,131,208,198
Moody Blue,127,118,211
Moon Glow,252,254,218
Moon Mist,220,221,204
Moon Raker,214,206,246
Morning Glory,158,222,224
Morocco Brown,68,29,0
Mortar,80,67,81
Mosque,3,106,110
Mountain Mist,149,147,150
Muddy Waters,183,142,92
Muesli,170,139,91
Mulberry,92,5,54
Mule Fawn,140,71,47
Mulled Wine,78,69,98
Mustard,116,100,13
My Pink,214,145,136
My Sin,255,179,31
Mystic,226,235,237
Nandor,75,93,82
Napa,172,164,148
Narvik,237,249,241
Nebula,203,219,214
Negroni,255,226,197
Nepal,142,171,193
Neptune,124,183,187
Nero,20,6,0
Nevada,100,110,117
New Amber,123,56,1
New Orleans,243,214,157
Niagara,6,161,137
Night Rider,31,18,15
Night Shadz,170,55,90
Nightclub,102,0,69
Nile Blue,25,55,81
Nobel,183,177,177
Nomad,186,177,162
Norway,168,189,159
Nugget,197,153,34
Nutmeg,129,66,44
Nutmeg Wood Finish,104,54,0
Oasis,254,239,206
Observatory,2,134,111
Ocean Green,65,170,120
Off Green,230,248,243
Off Yellow,254,249,227
Old Brick,144,30,30
Old Copper,114,74,47
Olive Green,36,46,22
Olive Haze,139,132,112
Olivetone,113,110,16
Onahau,205,244,255
Onion,47,39,14
Opal,169,198,194
Opium,142,111,112
Oracle,55,116,117
Orange Roughy,196,87,25
Orange White,254,252,237
Orchid White,255,253,243
Orient,1,94,133
Oriental Pink,198,145,145
Orinoco,243,251,212
Oslo Grey,135,141,145
Ottoman,233,248,237
Oxford Blue,56,69,85
Oxley,119,158,134
Oyster Bay,218,250,255
Oyster Pink,233,206,205
Paarl,166,85,41
Pablo,119,111,97
Pacifika,119,129,32
Padua,173,230,196
Pale Leaf,192,211,185
Pale Oyster,152,141,119
Pale Prim,253,254,184
Pale Rose,255,225,242
Pale Sky,110,119,131
Pale Slate,195,191,193
Palm Green,9,35,15
Palm Leaf,25,51,14
Pampas,244,242,238
Panache,234,246,238
Pancho,237,205,171
Paprika,141,2,38
Paradiso,49,125,130
Parchment,241,233,210
Paris Daisy,255,244,110
Paris M,38,5,106
Paris White,202,220,212
Parsley,19,79,25
Patina,99,154,143
Pattens Blue,222,245,255
Paua,38,3,104
Pavlova,215,196,152
Pea Soup,207,229,210
Peach,255,240,219
Peanut,120,47,22
Pearl Bush,232,224,213
Pearl Lusta,252,244,220
Peat,113,107,86
Pelorous,62,171,191
Peppermint,227,245,225
Perano,169,190,242
Perfume,208,190,248
Periglacial Blue,225,230,214
Persian Red,82,12,23
Persimmon,255,107,83
Peru Tan,127,58,2
Petite Orchid,219,150,144
Pewter,150,168,161
Pharlap,163,128,123
Picasso,255,243,157
Pickled Bean,110,72,38
Pine Cone,109,94,84
Pine Glade,199,205,144
Pine Tree,23,31,4
Pink Flare,225,192,200
Pink Lady,255,241,216
Pink Swan,190,181,183
Piper,201,99,35
Pipi,254,244,204
Pippin,255,225,223
Pirate Gold,186,127,3
Pixie Green,192,216,182
Pizazz,255,144,0
Pizza,201,148,21
Plantation,39,80,75
Plum,65,0,86
Pohutukawa,143,2,28
Polar,229,249,246
Polo Blue,141,168,204
Porcelain,239,242,243
Porsche,234,174,105
Port Gore,37,31,79
Portafino,255,255,180
Portage,139,159,238
Portica,249,230,99
Pot Pourri,245,231,226
Potters Clay,140,87,56
Powder Blue,188,201,194
Prairie Sand,154,56,32
Prelude,208,192,229
Prim,240,226,236
Primrose,237,234,153
Provincial Pink,254,245,241
Pueblo,125,44,20
Puerto Rico,63,193,170
Pumice,194,202,196
Pumpkin,177,97,11
Punch,220,67,51
Punga,77,61,20
Putty,231,205,140
Quarter Pearl Lusta,255,253,244
Quarter Spanish White,247,242,225
Quicksand,189,151,142
Quill Grey,214,214,209
Quincy,98,63,45
Racing Green,12,25,17
Raffia,234,218,184
Raincloud,123,124,148
Rainee,185,200,172
Rajah,247,182,104
Rangitoto,46,50,34
Rangoon Green,28,30,19
Raven,114,123,137
Rebel,60,18,6
Red Berry,142,0,0
Red Damask,218,106,65
Red Oxide,110,9,2
Red Robin,128,52,31
Red Stage,208,95,4
Reef,201,255,162
Reef Gold,159,130,28
Regal Blue,1,63,106
Regent Grey,134,148,159
Regent St Blue,170,214,230
Remy,254,235,243
Reno Sand,168,101,21
Revolver,44,22,50
Rhino,46,63,98
Rice Cake,255,254,240
Rice Flower,238,255,226
Rich Gold,168,83,7
Rio Grande,187,208,9
Riptide,139,230,216
River Bed,67,76,89
Rob Roy,234,198,116
Robins Egg Blue,189,200,179
Rock,77,56,51
Rock Blue,158,177,205
Rock Spray,186,69,12
Rodeo Dust,201,178,155
Rolling Stone,116,125,131
Roman,222,99,96
Roman Coffee,121,93,76
Romance,255,254,253
Romantic,255,210,183
Ronchi,236,197,78
Roof Terracotta,166,47,32
Rope,142,77,30
Rose,231,188,180
Rose Bud,251,178,163
Rose Bud Cherry,128,11,71
Rose of Sharon,191,85,0
Rose White,255,246,245
Roti,198,168,75
Rouge,162,59,108
Royal Heath,171,52,114
Rum,121,105,137
Rum Swizzle,249,248,228
Russett,117,90,87
Rustic Red,72,4,4
Saddle,76,48,36
Saddle Brown,88,52,1
Saffron,249,191,88
Sage,158,165,135
Sahara,183,162,20
Sail,184,224,249
Salem,9,127,75
Salomie,254,219,141
Salt Box,104,94,110
Saltpan,241,247,242
Sambuca,58,32,16
San Felix,11,98,7
San Juan,48,75,106
San Marino,69,108,172
Sand Dune,130,111,101
Sandal,170,141,111
Sandrift,171,145,122
Sandstone,121,109,98
Sandwisp,245,231,162
Sandy Beach,255,234,200
Sanguine Brown,141,61,56
Santa Fe,177,109,82
Santas Grey,159,160,177
Sapling,222,212,164
Sapphire,47,81,158
Saratoga,85,91,16
Sauvignon,255,245,243
Sazerac,255,244,224
Scampi,103,95,166
Scandal,207,250,244
Scarlet Gum,67,21,96
Scarlett,149,0,21
Scarpa Flow,88,85,98
Schist,169,180,151
Schooner,139,132,126
Scooter,46,191,212
Scorpion,105,95,98
Scotch Mist,255,251,220
Sea Buckthorn,251,161,41
Sea Green,9,88,89
Sea Mist,197,219,202
Sea Nymph,120,163,156
Sea Pink,237,152,158
Seagull,128,204,234
Seance,115,30,143
Seashell,241,241,241
Seaweed,27,47,17
Selago,240,238,253
Sepia,43,2,2
Serenade,255,244,232
Shadow Green,154,194,184
Shady Lady,170,165,169
Shakespeare,78,171,209
Shalimar,251,255,186
Shark,37,39,44
Sherpa Blue,0,73,80
Sherwood Green,2,64,44
Shilo,232,185,179
Shingle Fawn,107,78,49
Ship Cove,120,139,186
Ship Grey,62,58,68
Shiraz,178,9,49
Shocking,226,146,192
Shuttle Grey,95,102,114
Siam,100,106,84
Sidecar,243,231,187
Silk,189,177,168
Silver Tree,102,181,143
Sinbad,159,215,211
Siren,122,1,58
Sirocco,113,128,128
Sisal,211,203,186
Skeptic,202,230,218
Smalt Blue,81,128,143
Smoky,96,91,115
Snow Drift,247,250,247
Snow Flurry,228,255,209
Snowy Mint,214,255,219
Snuff,226,216,237
Soapstone,255,251,249
Soft Amber,209,198,180
Soft Peach,245,237,239
Solitaire,254,248,226
Solitude,234,246,255
Sorbus,253,124,7
Sorrell Brown,206,185,143
Soya Bean,106,96,81
Spanish Green,129,152,133
Spectra,47,90,87
Spice,106,68,46
Spicy Mix,136,83,66
Spicy Pink,129,110,113
Spindle,182,209,234
Spray,121,222,236
Spring Green,87,131,99
Spring Rain,172,203,177
Spring Sun,246,255,220
Spring Wood,248,246,241
Sprout,193,215,176
Spun Pearl,170,171,183
Squirrel,143,129,118
St Tropaz,45,86,155
Stack,138,143,138
Star Dust,159,159,156
Stark White,229,215,189
Starship,236,242,69
Steel Grey,38,35,53
Stiletto,156,51,54
Stonewall,146,133,115
Storm Dust,100,100,99
Storm Grey,113,116,134
Straw,212,191,141
Strikemaster,149,99,135
Stromboli,50,93,82
Studio,113,74,178
Submarine,186,199,201
Sugar Cane,249,255,246
Sulu,193,240,124
Summer Green,150,187,171
Sun,251,172,19
Sundance,201,179,91
Sundown,255,177,179
Sunflower,228,212,34
Sunglo,225,104,101
Sunshade,255,158,44
Supernova,255,201,1
Surf,187,215,193
Surfie Green,12,122,121
Sushi,135,171,57
Suva Grey,136,131,135
Swamp,0,27,28
Swans Down,220,240,234
Sweet Corn,251,234,140
Sweet Pink,253,159,162
Swirl,211,205,197
Swiss Coffee,221,214,213
Tacao,237,179,129
Tacha,214,197,98
Tahiti Gold,233,124,7
Tahuna Sands,238,240,200
Tall Poppy,179,45,41
Tamarillo,153,22,19
Tana,217,220,193
Tangaroa,3,22,60
Tango,237,122,28
Tapa,123,120,116
Tapestry,176,94,129
Tara,225,246,232
Tarawera,7,58,80
Tasman,207,220,207
Taupe Grey,179,175,149
Tawny Port,105,37,69
Te Papa Green,30,67,60
Tea,193,186,176
Teak,177,148,97
Teal Blue,4,66,89
Temptress,59,0,11
Tequila,255,230,199
Texas,248,249,156
Texas Rose,255,181,85
Thatch,182,157,152
Thatch Green,64,61,25
Thistle,204,202,168
Thunder,51,41,47
Thunderbird,192,43,24
Tia Maria,193,68,14
Tiara,195,209,209
Tiber,6,53,55
Tidal,241,255,173
Tide,191,184,176
Timber Green,22,50,44
Titan White,240,238,255
Toast,154,110,97
Tobacco Brown,113,93,71
Toledo,58,0,32
Tolopea,27,2,69
Tom Thumb,63,88,59
Tonys Pink,231,159,140
Topaz,124,119,138
Torea Bay,15,45,158
Tory Blue,20,80,170
Tosca,141,63,63
Tower Grey,169,189,191
Tradewind,95,179,172
Tranquil,230,255,255
Travertine,255,253,232
Tree Poppy,252,156,29
Treehouse,59,40,32
Trendy Green,124,136,26
Trendy Pink,140,100,149
Trinidad,230,78,3
Tropical Blue,195,221,249
Trout,74,78,90
True V,138,115,214
Tuatara,54,53,52
Tuft Bush,255,221,205
Tulip Tree,234,179,59
Tumbleweed,55,41,14
Tuna,53,53,66
Tundora,74,66,68
Turbo,250,230,0
Turmeric,202,187,72
Turtle Green,42,56,11
Tuscany,189,94,46
Tusk,238,243,195
Tussock,197,153,75
Tutu,255,241,249
Twilight,228,207,222
Twilight Blue,238,253,255
Twine,194,149,93
Valencia,216,68,55
Valentino,53,14,66
Valhalla,43,25,79
Van Cleef,73,23,12
Vanilla Ice,243,217,223
Varden,255,246,223
Venetian Red,114,1,15
Venice Blue,5,89,137
Venus,146,133,144
Verdigris,93,94,55
Verdun Green,73,84,0
Vesuvius,177,74,11
Victoria,83,68,145
Vida Loca,84,144,25
Viking,100,204,219
Vin Rouge,152,61,97
Viola,203,143,169
Violent Violet,41,12,94
Violet,36,10,64
Viridian Green,103,137,117
Vis Vis,255,239,161
Vista Blue,143,214,180
Vista White,252,248,247
Voodoo,83,52,85
Vulcan,16,18,29
Wafer,222,203,198
Waikawa Grey,90,110,156
Waiouru,54,60,13
Wasabi,120,138,37
Water Leaf,161,233,222
Watercourse,5,111,87
Wattle,220,215,71
Watusi,255,221,207
Wax Flower,255,192,168
We Peep,247,219,230
Wedgewood,78,127,158
Well Read,180,51,50
West Coast,98,81,25
West Side,255,145,15
Westar,220,217,210
Wewak,241,155,171
Wheatfield,243,237,207
Whiskey,213,154,111
Whisper,247,245,250
White Ice,221,249,241
White Lilac,248,247,252
White Linen,248,240,232
White Pointer,254,248,255
White Rock,234,232,212
Wild Rice,236,224,144
Wild Sand,244,244,244
Wild Willow,185,196,106
William,58,104,108
Willow Brook,223,236,218
Willow Grove,101,116,93
Windsor,60,8,120
Wine Berry,89,29,53
Winter Hazel,213,209,149
Wisp Pink,254,244,248
Wistful,164,166,211
Woodland,77,83,40
Woodrush,48,42,15
Woodsmoke,12,13,15
Woody Brown,72,49,49
Yellow Metal,113,99,56
Yellow Sea,254,169,4
Your Pink,255,195,192
Yukon Gold,123,102,8
Yuma,206,194,145
Zambezi,104,85,88
Zanah,218,236,214
Zest,229,132,27
Zeus,41,35,25
Ziggurat,191,219,226
Zircon,244,248,255
Zombie,228,214,155
Zorba,165,155,145
Zuccini,4,64,34
Zumthor,237,246,255
